lhs_profile	rhs_profile	third_profile	lhs_target_kind	rhs_target_kind	third_target_kind	status	behavior_class	result_type	result_profile	edge_case	edge_case_id	test_seed_class	diagnostic_class	notes
nullable.empty	nullable.empty					supported	throws	bool_t	bool.false	true	logical_or.wrapper.empty	runtime_throw	invalid_nullable_unwrap_empty	Lifted logical operators unwrap wrapper operands first and reject empty wrapper states.
nullable.empty	nullable.present.float.zero					supported	throws	bool_t	bool.false	true	logical_or.wrapper.empty	runtime_throw	invalid_nullable_unwrap_empty	Lifted logical operators unwrap wrapper operands first and reject empty wrapper states.
nullable.empty	nullable.present.float.nonzero					supported	throws	bool_t	bool.false	true	logical_or.wrapper.empty	runtime_throw	invalid_nullable_unwrap_empty	Lifted logical operators unwrap wrapper operands first and reject empty wrapper states.
nullable.present.float.zero	nullable.empty					supported	throws	bool_t	bool.false	true	logical_or.wrapper.empty	runtime_throw	invalid_nullable_unwrap_empty	Lifted logical operators unwrap wrapper operands first and reject empty wrapper states.
nullable.present.float.zero	nullable.present.float.zero					supported	deterministic_value	bool_t	bool.false	true	logical_or.float_zero.float_zero	runtime_success		Deterministic logical dispatch follows the current bool/numeric logical operator family.
nullable.present.float.zero	nullable.present.float.nonzero					supported	deterministic_value	bool_t	bool.true	true	logical_or.float_zero.float_nonzero	runtime_success		Deterministic logical dispatch follows the current bool/numeric logical operator family.
nullable.present.float.nonzero	nullable.empty					supported	throws	bool_t	bool.false	true	logical_or.wrapper.empty	runtime_throw	invalid_nullable_unwrap_empty	Lifted logical operators unwrap wrapper operands first and reject empty wrapper states.
nullable.present.float.nonzero	nullable.present.float.zero					supported	deterministic_value	bool_t	bool.true	true	logical_or.float_nonzero.float_zero	runtime_success		Deterministic logical dispatch follows the current bool/numeric logical operator family.
nullable.present.float.nonzero	nullable.present.float.nonzero					supported	deterministic_value	bool_t	bool.true	true	logical_or.float_nonzero.float_nonzero	runtime_success		Deterministic logical dispatch follows the current bool/numeric logical operator family.
