"lhs_profile"	"rhs_profile"	"third_profile"	"lhs_target_kind"	"rhs_target_kind"	"third_target_kind"	"status"	"behavior_class"	"result_type"	"result_profile"	"edge_case"	"edge_case_id"	"test_seed_class"	"diagnostic_class"	"notes"
"nullable.empty"	"nullable.empty"	""	"assignable_variable"	""	""	"supported"	"throws"	"int_t"	"int.zero"	"true"	"bitwise.wrapper.empty"	"runtime_throw"	""	"Lifted integer bitwise compound assignment unwraps wrapper operands first and rejects empty wrapper states."
"nullable.empty"	"nullable.present.int.zero"	""	"assignable_variable"	""	""	"supported"	"throws"	"int_t"	"int.zero"	"true"	"bitwise.wrapper.empty"	"runtime_throw"	""	"Lifted integer bitwise compound assignment unwraps wrapper operands first and rejects empty wrapper states."
"nullable.empty"	"nullable.present.int.nonzero"	""	"assignable_variable"	""	""	"supported"	"throws"	"int_t"	"int.zero"	"true"	"bitwise.wrapper.empty"	"runtime_throw"	""	"Lifted integer bitwise compound assignment unwraps wrapper operands first and rejects empty wrapper states."
"nullable.present.int.zero"	"nullable.empty"	""	"assignable_variable"	""	""	"supported"	"throws"	"int_t"	"int.zero"	"true"	"bitwise.wrapper.empty"	"runtime_throw"	""	"Lifted integer bitwise compound assignment unwraps wrapper operands first and rejects empty wrapper states."
"nullable.present.int.zero"	"nullable.present.int.zero"	""	"assignable_variable"	""	""	"supported"	"deterministic_value"	"int_t"	"int.zero"	"true"	"bitwise_and_assign.int_zero.int_zero"	"runtime_success"	""	"Lifted integer bitwise compound assignment unwraps wrapper operands first and rejects empty wrapper states."
"nullable.present.int.zero"	"nullable.present.int.nonzero"	""	"assignable_variable"	""	""	"supported"	"deterministic_value"	"int_t"	"int.zero"	"true"	"bitwise_and_assign.int_zero.int_nonzero"	"runtime_success"	""	"Lifted integer bitwise compound assignment unwraps wrapper operands first and rejects empty wrapper states."
"nullable.present.int.nonzero"	"nullable.empty"	""	"assignable_variable"	""	""	"supported"	"throws"	"int_t"	"int.zero"	"true"	"bitwise.wrapper.empty"	"runtime_throw"	""	"Lifted integer bitwise compound assignment unwraps wrapper operands first and rejects empty wrapper states."
"nullable.present.int.nonzero"	"nullable.present.int.zero"	""	"assignable_variable"	""	""	"supported"	"deterministic_value"	"int_t"	"int.zero"	"true"	"bitwise_and_assign.int_nonzero.int_zero"	"runtime_success"	""	"Lifted integer bitwise compound assignment unwraps wrapper operands first and rejects empty wrapper states."
"nullable.present.int.nonzero"	"nullable.present.int.nonzero"	""	"assignable_variable"	""	""	"supported"	"deterministic_value"	"int_t"	"int.nonzero"	"true"	"bitwise_and_assign.int_nonzero.int_nonzero"	"runtime_success"	""	"Lifted integer bitwise compound assignment unwraps wrapper operands first and rejects empty wrapper states."
